﻿Field,Description,Data type,Data value
Area ,พื้นที่เก็บข้อมูล,,1: BKK 2: ในเขต 3: นอกเขต
SubDistrict ,ตำบล/ แขวง,ข้อความ,ตำบล/ แขวง
District,อำเภอ/ เขต,ข้อความ,อำเภอ/ เขต
Province ,จังหวัด,ข้อความ,จังหวัด
Region,เขต,,
Q1_OccStatus,1. อาชีพที่เป็นรายได้หลักในปัจจุบันของคุณคืออาชีพอะไร  รหัสสถานะ,1-6,1: ธุรกิจส่วนตัว/ ค้าขาย หรือบริการรายย่อย  2: พนักงานสัญญาจ้าง  3: รับจ้างทั่วไป   4: อาชีพอิสระ (freelance)   5: เกษตรกรรม การป่าไม้ และการประมง (เจ้าของ)   6: เกษตรกรรม การป่าไม้ และการประมง (ลูกจ้าง/ คนงาน)
Q1_Occ,อาชีพ,ข้อความ,อาชีพ
Q1_OccCode,รหัสอาชีพ,A1-Q4,ดู Sheet industry_occupation
Q1_OccInd,รหัสอุตสาหกรรม,A-Q,ดู Sheet industry_occupation
Q1_IndBD_1,รูปแบบอุตสาหกรรมการผลิต/ การขายส่งขายปลีก,BD1-BD30,ดู Sheet industry_B_D_type
Q1_IndBD_2,รูปแบบอุตสาหกรรมการผลิต/ การขายส่งขายปลีก,BD1-BD30,ดู Sheet industry_B_D_type
Q1_IndBD_3,รูปแบบอุตสาหกรรมการผลิต/ การขายส่งขายปลีก,BD1-BD30,ดู Sheet industry_B_D_type
Q1_Occ_Year,คุณทำอาชีพนี้มานาน,ปี,ระยะเวลาที่ทำอาชีพ
Q1_OCC_A,กรณีสัญญาจ้างชั่วคราว โปรดระบุระยะเวลาที่เหลือของสัญญา ,1-2,0: ไม่ระบุ 1: ระบุ
Q1_OCC_A_Month,กรณีสัญญาจ้างชั่วคราว โปรดระบุระยะเวลาที่เหลือของสัญญา,เดือน,ระยะเวลาที่เหลือของสัญญาจ้างชั่วคราว
Q1_OCC_B,กรณีทำธุรกิจส่วนตัว/ ผู้ประกอบการด้านการเกษตรหรือประมง มีลูกจ้าง,1-2,0: ไม่ระบุ 1: ระบุ
Q1_OCC_B_Num,กรณีทำธุรกิจส่วนตัว/ ผู้ประกอบการด้านการเกษตรหรือประมง มีลูกจ้าง,คน,จำนวนลูกจ้าง 0: ไม่มีลูกจ้าง
Q1_OCC_C,กรณีรับจ้างทั่วไป,1-2,0: ไม่ระบุ 1: ระบุ
Q1_Occ_Have,กรณีรับจ้างทั่วไป,1-2,1: มีนายจ้างประจำ 2: ไม่มีนายจ้างประจำ
Q2,2. คุณทำอาชีพอื่น ๆ ควบคู่ไปกับอาชีพข้างต้น หรือเป็นรายได้เสริม ด้วยหรือไม่,1-2,1: ไม่ 2: มีอาชีพอื่น
Q2_OccNum,จำนวนอาชีพอื่นที่ทำควบคู่หรือเป็นรายได้เสริม,จำนวนอาชีพ,จำนวนอาชีพอื่นที่ทำควบคู่หรือเป็นรายได้เสริม
Q2.1_OccStatus,สถานะ,1-6,1: ธุรกิจส่วนตัว/ ค้าขาย หรือบริการรายย่อย  2: พนักงานสัญญาจ้าง  3: รับจ้างทั่วไป   4: อาชีพอิสระ (freelance)   5: เกษตรกรรม การป่าไม้ และการประมง (เจ้าของ)   6: เกษตรกรรม การป่าไม้ และการประมง (ลูกจ้าง/ คนงาน)
Q2.1_Occ,อาชีพ,ข้อความ,อาชีพ
Q2.1_OccCode,รหัสอาชีพ,A1-Q4,ดู Sheet industry_occupation
Q2.1_OccInd,รหัสอุตสาหกรรม,A-Q,ดู Sheet industry_occupation
Q2.1A,ทำควบคู่ไปกับอาชีพหลัก หรือทำเฉพาะในช่วงที่ว่างเว้นจากการทาอาชีพหลัก,1-2,1: ทำควบคู่ไปกับอาชีพหลัก  2: ทำเฉพาะในช่วงที่ว่างเว้นจากการทำอาชีพหลัก
Q2.2_OccStatus,สถานะ,1-6,1: ธุรกิจส่วนตัว/ ค้าขาย หรือบริการรายย่อย  2: พนักงานสัญญาจ้าง  3: รับจ้างทั่วไป   4: อาชีพอิสระ (freelance)   5: เกษตรกรรม การป่าไม้ และการประมง (เจ้าของ)   6: เกษตรกรรม การป่าไม้ และการประมง (ลูกจ้าง/ คนงาน)
Q2.2_Occ,อาชีพ,ข้อความ,อาชีพ
Q2.2_OccCode,รหัสอาชีพ,A1-Q4,ดู Sheet industry_occupation
Q2.2_OccInd,รหัสอุตสาหกรรม,A-Q,ดู Sheet industry_occupation
Q2.2A,ทำควบคู่ไปกับอาชีพหลัก หรือทำเฉพาะในช่วงที่ว่างเว้นจากการทาอาชีพหลัก,1-2,1: ทำควบคู่ไปกับอาชีพหลัก  2: ทำเฉพาะในช่วงที่ว่างเว้นจากการทำอาชีพหลัก
Q3Num,3. คุณเคยเปลี่ยนอาชีพที่เป็นรายได้หลักมาแล้วกี่ครั้ง,ครั้ง,จำนวนครั้งที่เคยเปลี่ยนอาชีพหลัก
Q3No,กรณีไม่เคยเปลี่ยนอาชีพที่เป็นรายได้หลัก,"0,1",0: เคย 1: ไม่เคยเปลี่ยน
Q3.1Year,3.1 งานที่ทำนานที่สุด ทำอยู่ประมาณ,ปี,ระยะเวลางานที่ทำที่นานที่สุด
Q3.1LessYear,กรณีทำไม่ถึงหนึ่งปี,"0,1",0: หนึ่งปีขึ้นไป 1: ไม่ถึงหนึ่งปี
Q3.1Month,จำนวนเดือนที่ทำงานที่นานที่สุด,เดือน,จำนวนเดือนที่ทำงานที่นานที่สุด
Q3.2Year,3.2 งานที่ทำสั้นที่สุด ทำอยู่ประมาณ ,ปี,ระยะเวลางานที่ทำที่สั้นที่สุด
Q3.2LessYear,กรณีทำไม่ถึงปี,"0,1",0: หนึ่งปีขึ้นไป 1: ไม่ถึงหนึ่งปี
Q3.2Month,จำนวนเดือนที่ทำงานที่สั้นที่สุด,เดือน,จำนวนเดือนที่ทำงานที่สั้นที่สุด
Q3.3Reason,เหตุผลที่เปลี่ยนงาน เนื่องจาก ,ข้อความ,เหตุผลที่เปลี่ยนงาน
Q4_1,"4. คุณประสบปัญหาใดบ้างจากการประกอบอาชีพในปัจจุบัน 
1) งานไม่มั่นคง (ถูกเลิกจ้างได้ง่าย/ มีงานเข้ามาไม่ต่อเนื่อง/ เปลี่ยนแปลงง่าย เช่น ขึ้นอยู่กับฤดูกาล) ","0,1",0: ไม่เลือก 1: เลือก
Q4_2,2) รายได้น้อย (ค่าแรงถูก/ ค่าจ้างต่ำ/ ราคาผลผลิตต่ำ/ ขายสินค้าหรือบริการได้น้อย) ,"0,1",0: ไม่เลือก 1: เลือก
Q4_3,3) รายได้ไม่แน่นอน ,"0,1",0: ไม่เลือก 1: เลือก
Q4_4,4) เงินสดหมุนเวียนไม่คล่องตัว,"0,1",0: ไม่เลือก 1: เลือก
Q4_5,5) ไม่มีสวัสดิการ/ มีน้อยไม่ครอบคลุมตามความจำเป็น,"0,1",0: ไม่เลือก 1: เลือก
Q4_6,6) มีความเสี่ยงต่อสุขภาพและความปลอดภัย,"0,1",0: ไม่เลือก 1: เลือก
Q4_7,7) อื่น ๆ ระบุ ,"0,1",0: ไม่เลือก 1: เลือก
Q4_7Other,ปัญหาอื่น ๆ จากการประกอบอาชีพในปัจจุบัน ,ข้อความ,ปัญหาอื่น ๆ จากการประกอบอาชีพในปัจจุบัน 
Q4Most,จากข้างต้น คุณคิดว่าปัญหาใดสำคัญต่อคุณมากที่สุด ,1-7,รหัสเลขคำตอบตามข้อ 4.
Q5_1,"5. คุณมีหนี้สินที่ต้องชำระด้วยตัวเอง เฉลี่ยเดือนละประมาณกี่บาท เปรียบเทียบปี 2562 และ 2563
1) ค่างวดผ่อนบ้าน/ ที่อยู่อาศัย ","0,1",0: ไม่เลือก 1: เลือก
Q5_1A,จำนวนค่างวดผ่อนบ้าน/ ที่อยู่อาศัย ปี 2562,จำนวนเงิน,หนี้สินที่ชำระ ปี 2562
Q5_1B,จำนวนค่างวดผ่อนบ้าน/ ที่อยู่อาศัย ปี 2563,จำนวนเงิน,หนี้สินที่ชำระ ปี 2563
Q5_2,2) ค่างวดผ่อนรถยนต์/ รถจักรยานยนต์,"0,1",0: ไม่เลือก 1: เลือก
Q5_2A,จำนวนค่างวดผ่อนรถยนต์/ รถจักรยานยนต์ ปี 2562,จำนวนเงิน,หนี้สินที่ชำระ ปี 2562
Q5_2B,จำนวนค่างวดผ่อนรถยนต์/ รถจักรยานยนต์ ปี 2563,จำนวนเงิน,หนี้สินที่ชำระ ปี 2563
Q5_3,3) บัตรเครดิต (ยอดชำระต่อเดือน),"0,1",0: ไม่เลือก 1: เลือก
Q5_3A,จำนวนค่าบัตรเครดิต (ยอดชำระต่อเดือน) ปี 2562,จำนวนเงิน,หนี้สินที่ชำระ ปี 2562
Q5_3B,จำนวนค่าบัตรเครดิต (ยอดชำระต่อเดือน) ปี 2563,จำนวนเงิน,หนี้สินที่ชำระ ปี 2563
Q5_4,4) สินเชื่อส่วนบุคคล/ บัตรกดเงินสด (ในระบบ),"0,1",0: ไม่เลือก 1: เลือก
Q5_4A,จำนวนสินเชื่อส่วนบุคคล/ บัตรกดเงินสด (ในระบบ) ปี 2562,จำนวนเงิน,หนี้สินที่ชำระ ปี 2562
Q5_4B,จำนวนสินเชื่อส่วนบุคคล/ บัตรกดเงินสด (ในระบบ) ปี 2563,จำนวนเงิน,หนี้สินที่ชำระ ปี 2563
Q5_5,5) หนี้การศึกษา*,"0,1",0: ไม่เลือก 1: เลือก
Q5_5A,จำนวนหนี้การศึกษา ปี 2562,จำนวนเงิน,หนี้สินที่ชำระ ปี 2562
Q5_5B,จำนวนหนี้การศึกษา ปี 2563,จำนวนเงิน,หนี้สินที่ชำระ ปี 2563
Q5_6,6) สินเชื่อเพื่อประกอบอาชีพ/ การเกษตร*,"0,1",0: ไม่เลือก 1: เลือก
Q5_6A,จำนวนสินเชื่อเพื่อประกอบอาชีพ/ การเกษตร ปี 2562,จำนวนเงิน,หนี้สินที่ชำระ ปี 2562
Q5_6B,จำนวนสินเชื่อเพื่อประกอบอาชีพ/ การเกษตร ปี 2563,จำนวนเงิน,หนี้สินที่ชำระ ปี 2563
Q5_7,7) สินเชื่อนอกระบบ (รวมทั้งกู้จากนายทุน และยืมคนรู้จัก),"0,1",0: ไม่เลือก 1: เลือก
Q5_7A,จำนวนสินเชื่อนอกระบบ (รวมทั้งกู้จากนายทุน และยืมคนรู้จัก) ปี 2562,จำนวนเงิน,หนี้สินที่ชำระ ปี 2562
Q5_7B,จำนวนสินเชื่อนอกระบบ (รวมทั้งกู้จากนายทุน และยืมคนรู้จัก) ปี 2563,จำนวนเงิน,หนี้สินที่ชำระ ปี 2563
Q5_8,8) ผ่อนชำระสินค้า/ บริการ (รวมทั้งผ่อนกับร้านค้า และกับคนรู้จัก),"0,1",0: ไม่เลือก 1: เลือก
Q5_8A,จำนวนการผ่อนชำระสินค้า/ บริการ (รวมทั้งผ่อนกับร้านค้า และกับคนรู้จัก) ปี 2562,จำนวนเงิน,หนี้สินที่ชำระ ปี 2562
Q5_8B,จำนวนการผ่อนชำระสินค้า/ บริการ (รวมทั้งผ่อนกับร้านค้า และกับคนรู้จัก) ปี 2563,จำนวนเงิน,หนี้สินที่ชำระ ปี 2563
Q5_9,9) อื่น ๆ ระบุ,"0,1",0: ไม่เลือก 1: เลือก
Q5_9Other,อื่น ๆ ระบุ,ข้อความ,หนี้สินอื่น ๆ 
Q5_9A,จำนวนหนี้สินอื่น ๆ ปี 2562,จำนวนเงิน,หนี้สินที่ชำระ ปี 2562
Q5_9B,จำนวนหนี้สินอื่น ๆ ปี 2563,จำนวนเงิน,หนี้สินที่ชำระ ปี 2563
Q5_TotalA,จำนวนหนี้สินที่ต้องชำระรวมทั้งหมด ปี 2562 ,จำนวนเงิน,หนี้สินที่ชำระรวม ปี 2562
Q5_TotalB,จำนวนหนี้สินที่ต้องชำระรวมทั้งหมด ปี 2563,จำนวนเงิน,หนี้สินที่ชำระรวม ปี 2563
Q7_1,"7. คุณมีรายได้จากการประกอบอาชีพ หมุนเวียนในลักษณะอย่างไรบ้าง เปรียบเทียบปี 2562 และ 2563
1) รายได้เป็นรายวัน    ","0,1",0: ไม่เลือก 1: เลือก
Q7_1Day,เฉลี่ยทำงานกี่วัน/สัปดาห์,วัน,วันที่ทำงาน (เฉลี่ย) ต่อสัปดาห์
Q7_2,2) รายได้เป็นรายสัปดาห์ (หรือมากกว่า 1 วัน/ครั้ง) ,"0,1",0: ไม่เลือก 1: เลือก
Q7_3,3) รายได้เป็นราย 2 สัปดาห์ ,"0,1",0: ไม่เลือก 1: เลือก
Q7_4,4) รายได้เป็นรายเดือน ,"0,1",0: ไม่เลือก 1: เลือก
Q7_5,5) รายได้เป็นราย ...... เดือน ,"0,1",0: ไม่เลือก 1: เลือก
Q7_5Month,จำนวนเดือน,เดือน,จำนวนเดือน
Q7_6,6) รายได้เป็นปี ,"0,1",0: ไม่เลือก 1: เลือก
Q7_7,7) รายได้ไม่แน่นอน ,"0,1",0: ไม่เลือก 1: เลือก
Q8A,9. รายได้จากทุกแหล่งที่ได้รับ เมื่อหักลบรายจ่ายแล้ว แต่ละเดือนเพียงพอหรือไม่ ในปี 2562 ,1-3,1: เพียงพอ 2: เพียงพอและมีเหลือเก็บ 3: ไม่เพียงพอ
Q8_2A,กรณีเพียงพอและมีเหลือเก็บ เหลือเก็บเดือนละ,จำนวนเงิน,จำนวนเงินที่เหลือเก็บเฉลี่ยต่อเดือน
Q8_3A,กรณีไม่เพียงพอ เฉลี่ยขาดเดือนละ,จำนวนเงิน,จำนวนเงินที่ขาดเฉลี่ยต่อเดือน
Q8B,9. รายได้จากทุกแหล่งที่ได้รับ เมื่อหักลบรายจ่ายแล้ว แต่ละเดือนเพียงพอหรือไม่ ในปี 2563,1-3,1: เพียงพอ 2: เพียงพอและมีเหลือเก็บ 3: ไม่เพียงพอ
Q8_2B,กรณีเพียงพอและมีเหลือเก็บ เหลือเก็บเดือนละ,จำนวนเงิน,จำนวนเงินที่เหลือเก็บเฉลี่ยต่อเดือน
Q8_3B,กรณีไม่เพียงพอ เฉลี่ยขาดเดือนละ,จำนวนเงิน,จำนวนเงินที่ขาดเฉลี่ยต่อเดือน
Q9_1,"10. ในปี 2562 คุณนำเงินไปออม/ ลงทุนในลักษณะใดบ้าง 
1) เก็บเงินสดไว้กับตัว","0,1",0: ไม่เลือก 1: เลือก
Q9_2,2) ฝากธนาคาร/ สหกรณ์ออมทรัพย์,"0,1",0: ไม่เลือก 1: เลือก
Q9_3,3) ซื้อสลากออมสิน/ สลาก ธกส.,"0,1",0: ไม่เลือก 1: เลือก
Q9_4,4) ประกันชีวิตในรูปแบบการออมหรือสะสมทรัพย์,"0,1",0: ไม่เลือก 1: เลือก
Q9_5,5) นำเงินไปลงทุนระยะสั้น อาทิ ทองคำ หุ้น น้ำมัน เก็งกำไรค่าเงิน,"0,1",0: ไม่เลือก 1: เลือก
Q9_6,6) นำเงินไปลงทุนระยะยาว หรือไว้ยามเกษียณ เช่น พันธบัตรรัฐบาล กองทุนรวม RMF/ LTF กบข.,"0,1",0: ไม่เลือก 1: เลือก
Q9_7,7) นำเงินไปลงทุนในอสังหาริมทรัพย์ (อาทิ บ้าน คอนโดฯ ที่ดิน),"0,1",0: ไม่เลือก 1: เลือก
Q9_8,8) นำเงินไปปล่อยกู้ (นอกระบบ),"0,1",0: ไม่เลือก 1: เลือก
Q9_9,9) อื่น ๆ ,"0,1",0: ไม่เลือก 1: เลือก
Q9_9Other,9) อื่น ๆ (ระบุ),ข้อความ,การออม/ ลงทุน อื่นๆ
Q9_10No,10) ไม่มีการออม/ ลงทุนใดๆ,"0,1",0: ไม่เลือก 1: เลือก
Q10Num,11.1 คุณมีบัญชีเงินฝากกี่บัญชี (รวมสหกรณ์ออมทรัพย์) ระบุ ........ บัญชี ,จำนวนบัญชี,จำนวนบัญชีเงินฝากที่มี
Q10.1_1,ชื่อบัญชีเงินฝาก,ข้อความ,ชื่อบัญชีเงินฝากที่มี
Q10.1_2,ชื่อบัญชีเงินฝาก,ข้อความ,ชื่อบัญชีเงินฝากที่มี
Q10.1_3,ชื่อบัญชีเงินฝาก,ข้อความ,ชื่อบัญชีเงินฝากที่มี
Q10.1_4,ชื่อบัญชีเงินฝาก,ข้อความ,ชื่อบัญชีเงินฝากที่มี
Q10.1_5,ชื่อบัญชีเงินฝาก,ข้อความ,ชื่อบัญชีเงินฝากที่มี
Q10.2_1,"(11.2 จากบัญชีเงินฝากข้างต้น บัญชีธนาคารใดที่มีการเคลื่อนไหวประจำ อาทิ เพื่อรับรายได้ เพื่อใช้จ่ายในชีวิตประจำวันหรือเพื่อการประกอบอาชีพ)
ชื่อบัญชีเงินฝาก",ข้อความ,ชื่อบัญชีเงินฝากที่มีการเคลื่อนไหวประจำ
Q10.2_2,ชื่อบัญชีเงินฝาก,ข้อความ,ชื่อบัญชีเงินฝากที่มีการเคลื่อนไหวประจำ
Q10.2_3,ชื่อบัญชีเงินฝาก,ข้อความ,ชื่อบัญชีเงินฝากที่มีการเคลื่อนไหวประจำ
Q10.2_4,ชื่อบัญชีเงินฝาก,ข้อความ,ชื่อบัญชีเงินฝากที่มีการเคลื่อนไหวประจำ
Q10.2_5,ชื่อบัญชีเงินฝาก,ข้อความ,ชื่อบัญชีเงินฝากที่มีการเคลื่อนไหวประจำ
Q10.3,11.3 รายรับจากการประกอบอาชีพของคุณผ่านเข้าบัญชีเงินฝากหรือไม่,1-2,1: เข้าบัญชีเงินฝาก 2: ไม่ผ่านบัญชี 
Q10.3_Num,กรณีรายรับเข้าบัญชีเงินฝาก ฝากผ่านกี่บัญชี,จำนวนบัญชี,จำนวนบัญชีที่ใช้ฝากรายรับจากการประกอบอาชีพ
Q10.3_Percent,เปอร์เซ็นต์ของรายรับที่เข้าบัญชีเงินฝาก ,เปอร์เซ็นต์,เปอร์เซ็นต์ของรายรับที่เข้าบัญชีเงินฝาก 
Q10.4,11.4 คุณแยกบัญชีสำหรับการออม ออกจากบัญชีที่ใช้ประจำหรือไม่,1-2,1: แยก 2: ไม่แยก
Sex,เพศ,1-2,1: ชาย 2: หญิง
Age,อายุ,ปี,อายุ
Status,สถานภาพสมรส    ,1-3,1: โสด  2: สมรสและมีบุตร  3:สมรสแต่ไม่มีบุตร  4: ม่าย/หย่า/แยกกันอยู่
Child,จำนวนบุตร,คน,จำนวนบุตร
Edu,ระดับการศึกษาชั้นสูงสุดที่สำเร็จมา     ,1-6,1: ประถมศึกษาหรือต่ำกว่า  2: มัธยมศึกษาตอนต้น  3: มัธยมศึกษาตอนปลาย/ ปวช.  4: อนุปริญญา/ ปวส.  5: ปริญญาตรี  6: สูงกว่าปริญญาตรี
Salary,รายได้ครอบครัวเฉลี่ยต่อเดือน ,1-7,"1: ไม่เกิน 10,000 บาท  2: 10,001 - 20,000 บาท  3: 20,001 - 30,000 บาท  
4: 30,001 - 40,000 บาท   5: 40,001 - 50,000 บาท  6: 50,001 - 100,000 บาท  
7: มากกว่า 100,000 บาท"
Live,คุณพักอาศัยอยู่กับใคร  ,1-7,"1: อยู่คนเดียว  2: อยู่กับพ่อแม่  3: อยู่กับครอบครัวของตัวเอง (กรณีแต่งงานแล้ว) 
4"": อยู่กับแฟน (กรณียังไม่แต่งงาน)  5: อยู่กับญาติ  6: อยู่กับเพื่อน 7: อื่น ๆ "
LiveOther,อื่น ๆ,ข้อความ,ผู้ที่พักอาศัยอยู่ด้วย
Owner,คุณมีที่อยู่อาศัยเป็นของตัวเอง หรือไม่ (มีชื่อเป็นผู้ถือกรรมสิทธิ์) ,1-2,"1: มีที่อยู่อาศัยเป็นของตัวเอง   
2: ไม่มีที่อยู่อาศัยเป็นของตัวเอง (ไม่ได้เป็นผู้ถือกรรมสิทธิ์)"
Owner_loan,ภาระการผ่อน กรณีมีที่อยู่อาศัยเป็นของตัวเอง,1-2,1: ผ่อนหมดแล้ว/ ไม่มีภาระการผ่อน  2: ยังผ่อนอยู่
Owner_rent,ภาระการเช่า,1-3,"1: ไม่มีภาระการเช่า/ อาศัยอยู่กับผู้อื่น อาทิ พ่อแม่ หรือคนในครอบครัว   
2: รับผิดชอบค่าเช่าคนเดียว  3: แชร์​ค่า​เช่ากับผู้อื่น อาทิ พ่อแม่​ เพื่อน​ แฟน"
AssetOther,อื่น ๆ ,ข้อความ,ทรัพย์สินอื่น ๆ ที่มีชื่อเป็นผู้ถือกรรมสิทธิ์
Line,9. ความจำเป็นในการใช้แอปพลิเคชันไลน์ (Line) ในการทำงาน/ ประกอบอาชีพ   ,1-2,1: จำเป็น 2: ไม่จำเป็น
Line_Level,ระบุระดับความจำเป็น ,1-5,1: น้อยที่สุด    2: น้อย   3:  ปานกลาง   4:  มาก   5: มากที่สุด 
Moblie,"กรณีไม่จำเป็น ใช้วิธี/แอปพลิเคชันใดในการทำงาน/ ประกอบอาชีพ   
1) โทรศัพท์","0,1",0: ไม่เลือก 1: เลือก
Facebook,2) Facebook,"0,1",0: ไม่เลือก 1: เลือก
Instragram,3) Instragram,"0,1",0: ไม่เลือก 1: เลือก
Tiktok,4) Tiktok,"0,1",0: ไม่เลือก 1: เลือก
Youtube,5) Youtube,"0,1",0: ไม่เลือก 1: เลือก
Twitter,6) Twitter,"0,1",0: ไม่เลือก 1: เลือก
OtherApp,7) อื่น ๆ ระบุ ,"0,1",0: ไม่เลือก 1: เลือก
OtherAppSpec,วิธี/แอปพลิเคชัน อื่น ๆ,ข้อความ,วิธี/แอปพลิเคชัน อื่น ๆ
NoSocial,8) ไม่ได้ใช้ทั้งโทรศัพท์และโซเชียลมีเดีย,"0,1",0: ไม่เลือก 1: เลือก
,,,
