﻿id,type,main,list
A1,เกษตรกรปลูกข้าว/ พืชไร่ (ไม้ล้มลุก เก็บผลผลิตแล้วตาย เช่น ข้าวโพด อ้อย),A,เกษตรกรรม การป่าไม้ และการประมง
A2,เกษตรกรพืชสวน ไม้ยืนต้น ไม้ดอกไม้ประดับ พืชผัก ไม้ผล ยางพารา,A,เกษตรกรรม การป่าไม้ และการประมง
A3,ผู้เลี้ยงสัตว์/ ค้าสัตว์ เช่น โคนม ม้า สัตว์ปีก รังนก (ปฏิบัติงานบนบก),A,เกษตรกรรม การป่าไม้ และการประมง
A4,ชาวประมงน้ำจืด,A,เกษตรกรรม การป่าไม้ และการประมง
A5,ชาวประมงทะเล,A,เกษตรกรรม การป่าไม้ และการประมง
A6,เก็บหาของป่า,A,เกษตรกรรม การป่าไม้ และการประมง
A7,ฆ่าสัตว์ (เชือดหมู เชือดวัว เชือดไก่ ฯลฯ),A,เกษตรกรรม การป่าไม้ และการประมง
B1,คนงานในโรงงานอุตสาหกรรม,B,การผลิต
B2,แปรรูปผลิตภัณฑ์การเกษตร,B,การผลิต
C1,ช่างอิฐ ช่างปูน ปูพื้นและผนัง ฝ้า ช่างกระจก ช่างสี ช่างไม้ ช่างกระเบื้อง,C,การก่อสร้าง
C2,ช่างติดตั้งระบบไฟฟ้า ระบบท่อ ระบบทำความร้อน ปรับอากาศ,C,การก่อสร้าง
C3,แรงงานรับเหมาก่อสร้าง,C,การก่อสร้าง
C4,รับเหมาครบวงจร ,C,การก่อสร้าง
C5,รับจ้างเจาะบาดาล / ขุดเจาะน้ำมัน,C,การก่อสร้าง
C6,ขับรถแบคโฮ รถตักดิน,C,การก่อสร้าง
D1,ค้าขายแบบมีหน้าร้าน,D,การขายส่งและการขายปลีก
D2,ค้าขายแบบออนไลน์,D,การขายส่งและการขายปลีก
D3,ค้าขายทั้งแบบมีหน้าร้านและออนไลน์,D,การขายส่งและการขายปลีก
D4,หาบเร่-แผงลอย/ แผงตามตลาด,D,การขายส่งและการขายปลีก
D5,พนักงานขายตรง ขายผ่านโทรศัพท์,D,การขายส่งและการขายปลีก
D6,ค้าขายแบบไม่มีหน้าร้าน พ่อค้าคนกลาง ซื้อของส่งขายตามร้าน ,D,การขายส่งและการขายปลีก
E1,ขายยานยนต์ใหม่,E,การซ่อมยานยนต์และจักรยานยนต์
E2,ขายยานยนต์เก่า เต๊นท์รถมือสอง,E,การซ่อมยานยนต์และจักรยานยนต์
E3,คาร์แคร์ ล้างรถ,E,การซ่อมยานยนต์และจักรยานยนต์
E4,ซ่อมรถ แต่งรถ ทำเครื่องเสียง ตรวจสภาพรถ,E,การซ่อมยานยนต์และจักรยานยนต์
E5,ขายชิ้นส่วนยานยนต์/ อะไหล่รถยนต์,E,การซ่อมยานยนต์และจักรยานยนต์
F1,บริการตู้คอนเทนเนอร์/ ตู้เก็บของ,F,การขนส่งและสถานที่เก็บสินค้า
F2,บริการให้เช่าเหมารถโดยสาร,F,การขนส่งและสถานที่เก็บสินค้า
F3,บริการสถานที่จอดรถ,F,การขนส่งและสถานที่เก็บสินค้า
F4,บริการรถยก รถลาก,F,การขนส่งและสถานที่เก็บสินค้า
F5,พนักงานขับรถยนต์รถรับจ้าง แท็กซี่ รถตู้ สามล้อเครื่อง,F,การขนส่งและสถานที่เก็บสินค้า
F6,พนักงานรับส่งเอกสาร สิ่งของ,F,การขนส่งและสถานที่เก็บสินค้า
F7,พนักงานบรรจุหีบห่อ,F,การขนส่งและสถานที่เก็บสินค้า
F8,ขายตั๋วรถตู้ รถโดยสาร เรือ,F,การขนส่งและสถานที่เก็บสินค้า
G1,พนักงานโรงแรม/ เกสเฮ้าท์,G,ที่พักแรมและบริการด้านอาหาร
G2,ดูแลหอพักนักศึกษา,G,ที่พักแรมและบริการด้านอาหาร
G3,ลูกจ้างทั่วไปในร้านอาหาร พนักงานร้านอาหาร/ จัดเลี้ยง,G,ที่พักแรมและบริการด้านอาหาร
G4,foodtruck ,G,ที่พักแรมและบริการด้านอาหาร
G5,พนักงานเสิร์ฟ,G,ที่พักแรมและบริการด้านอาหาร
G6,บาร์เทนเดอร์,G,ที่พักแรมและบริการด้านอาหาร
G7,พ่อครัว/ แม่ครัว,G,ที่พักแรมและบริการด้านอาหาร
G8,พนักงานล้างจาน พนักงานทำความสะอาด,G,ที่พักแรมและบริการด้านอาหาร
G9,พนักงานดูแลสถานที่จอดรถ,G,ที่พักแรมและบริการด้านอาหาร
H1,นายหน้าดูแลสิทธิการผลิตซ้ำ,H,ข้อมูลข่าวสารและการสื่อสาร
H2,นักข่าว/ ผู้ประกาศข่าว,H,ข้อมูลข่าวสารและการสื่อสาร
H3,คอลัมนิสต์ข่าวสาร ,H,ข้อมูลข่าวสารและการสื่อสาร
H4,โปรแกรมเมอร์/ Design เว็บไซต์ / บริหารเว็บไซต์ ,H,ข้อมูลข่าวสารและการสื่อสาร
H5,ให้คําปรึกษาเกี่ยวกับคอมพิวเตอร์/ รับลง Windows ซอฟแวร์ต่างๆ ,H,ข้อมูลข่าวสารและการสื่อสาร
H6,ออกแบบ ติดตั้ง ดูแลระบบ Server / Lan,H,ข้อมูลข่าวสารและการสื่อสาร
I1,ที่ปรึกษาด้านการเงิน การลงทุน,I,กิจกรรมทางการเงินและการประกันภัย
I2,นายหน้าขายประกัน,I,กิจกรรมทางการเงินและการประกันภัย
I3,นักเล่นหุ้น,I,กิจกรรมทางการเงินและการประกันภัย
I4,ปล่อยเงินกู้,I,กิจกรรมทางการเงินและการประกันภัย
I5,โรงรับจำนำ,I,กิจกรรมทางการเงินและการประกันภัย
J1,ตัวแทน/ นายหน้าซื้อขายอสังหาริมทรัพย์,J,กิจกรรมอสังหาริมทรัพย์
J2,บริการตรวจรับบ้าน/ คอนโด,J,กิจกรรมอสังหาริมทรัพย์
J3,ให้เช่าที่ เช่น ตลาด อาคาร หอพัก,J,กิจกรรมอสังหาริมทรัพย์
K1,ทนายความ/ ที่ปรึกษากฎหมาย,K,กิจกรรมทางวิชาชีพ วิทยาศาสตร์ และเทคนิค
K2,นักบัญชี/ ที่ปรึกษาด้านภาษี,K,กิจกรรมทางวิชาชีพ วิทยาศาสตร์ และเทคนิค
K3,Coaching (มีใบประกอบ),K,กิจกรรมทางวิชาชีพ วิทยาศาสตร์ และเทคนิค
K4,สถาปนิก,K,กิจกรรมทางวิชาชีพ วิทยาศาสตร์ และเทคนิค
K5,วิศวกร,K,กิจกรรมทางวิชาชีพ วิทยาศาสตร์ และเทคนิค
K6,นักวิจัย นักสถิติ,K,กิจกรรมทางวิชาชีพ วิทยาศาสตร์ และเทคนิค
K7,นักประชาสัมพันธ์/ PR,K,กิจกรรมทางวิชาชีพ วิทยาศาสตร์ และเทคนิค
K8,นักการตลาดออนไลน์,K,กิจกรรมทางวิชาชีพ วิทยาศาสตร์ และเทคนิค
K9,นักแปล ล่าม,K,กิจกรรมทางวิชาชีพ วิทยาศาสตร์ และเทคนิค
K10,มัณฑนากรการออกแบบตกแต่งภายใน ,K,กิจกรรมทางวิชาชีพ วิทยาศาสตร์ และเทคนิค
K11,นักออกแบบเชิงพาณิชย์ นักออกแบบกราฟฟิก,K,กิจกรรมทางวิชาชีพ วิทยาศาสตร์ และเทคนิค
K12,ที่ปรึกษาด้านอื่น ๆ (นอกเหนือจากกฎหมายและภาษี),K,กิจกรรมทางวิชาชีพ วิทยาศาสตร์ และเทคนิค
K13,นักออกแบบจัดสวน ปรับภูมิทัศน์,K,กิจกรรมทางวิชาชีพ วิทยาศาสตร์ และเทคนิค
L1,มัคคุเทศก์,L,กิจกรรมการบริหารและการบริการสนับสนุน
L2,พนักงานเอเจนซี่ท่องเที่ยว/ work&tracvel,L,กิจกรรมการบริหารและการบริการสนับสนุน
L3,นักสืบเอกชน,L,กิจกรรมการบริหารและการบริการสนับสนุน
L4,"Bodyguard
",L,กิจกรรมการบริหารและการบริการสนับสนุน
L5,พนักงานดูแลความปลอดภัย/ รปภ./ พนักงานดับเพลิง,L,กิจกรรมการบริหารและการบริการสนับสนุน
L6,ยามชายฝั่ง เจ้าหน้าที่ประจําสระนํ้า,L,กิจกรรมการบริหารและการบริการสนับสนุน
L7,พนักงานดูแลสถานที่,L,กิจกรรมการบริหารและการบริการสนับสนุน
L8,ธุรกิจฆ่าเชื้อและกําจัด เช่น กำจัดปลวก บริการพ่นฆ่าเชื้อ,L,กิจกรรมการบริหารและการบริการสนับสนุน
L9,ให้เช่าเครื่องจักร,L,กิจกรรมการบริหารและการบริการสนับสนุน
L10,ให้เช่าของใช้ อุปกรณ์ประกอบฉาก เช่าหนังสือ,L,กิจกรรมการบริหารและการบริการสนับสนุน
L11,เอเจนซี่ ผู้คัดเลือกนักแสดง,L,กิจกรรมการบริหารและการบริการสนับสนุน
L12,จัดการประชุม การแสดงสินค้า,L,กิจกรรมการบริหารและการบริการสนับสนุน
L13,Wedding Planner,L,กิจกรรมการบริหารและการบริการสนับสนุน
L14,คนสวน ,L,กิจกรรมการบริหารและการบริการสนับสนุน
L15,คนงานทำความสะอาด,L,กิจกรรมการบริหารและการบริการสนับสนุน
L16,พนักงานร้านถ่ายเอกสาร,L,กิจกรรมการบริหารและการบริการสนับสนุน
L17,ทวงหนี้,L,กิจกรรมการบริหารและการบริการสนับสนุน
L18,รับคีย์ข้อมูล,L,กิจกรรมการบริหารและการบริการสนับสนุน
L19,mystery shopper/ เก็บข้อมูลสำรวจภาคสนาม,L,กิจกรรมการบริหารและการบริการสนับสนุน
L20,ธุรการ,L,กิจกรรมการบริหารและการบริการสนับสนุน
L21,พนักงานผู้ช่วย/ สนับสนุนงานทั่วไป,L,กิจกรรมการบริหารและการบริการสนับสนุน
L22,เด็กปั๊ม,L,กิจกรรมการบริหารและการบริการสนับสนุน
M1,ครู (ในโรงเรียน),M,การศึกษา
M2,ครูผู้ช่วย,M,การศึกษา
M3,ติวเตอร์ สอนในสถาบัน,M,การศึกษา
M4,ติวเตอร์สอนรายคน สอนพิเศษ,M,การศึกษา
M5,ครูสอนขี่ม้า/ สอนขับรถ,M,การศึกษา
N1,นักจิตวิทยาการปรึกษา นักจิตบำบัด,N,กิจกรรมด้านสุขภาพและงานสังคมสงเคราะห์
N2,นักโภชนาการ ผู้เชี่ยวชาญด้านการควบคุมอาหาร,N,กิจกรรมด้านสุขภาพและงานสังคมสงเคราะห์
N3,ผู้ตรวจวัดสายตา,N,กิจกรรมด้านสุขภาพและงานสังคมสงเคราะห์
N4,ช่างประกอบแว่นตา,N,กิจกรรมด้านสุขภาพและงานสังคมสงเคราะห์
N5,ที่ปรึกษาการวางแผนครอบครัว,N,กิจกรรมด้านสุขภาพและงานสังคมสงเคราะห์
N6,หมอตำแย,N,กิจกรรมด้านสุขภาพและงานสังคมสงเคราะห์
N7,แพทย์แผนไทย หมอฝังเข็ม,N,กิจกรรมด้านสุขภาพและงานสังคมสงเคราะห์
N8,กายภาพบำบัด,N,กิจกรรมด้านสุขภาพและงานสังคมสงเคราะห์
N9,ผู้ดูแลผู้ป่วยคนชราและเด็ก(ตามบ้าน),N,กิจกรรมด้านสุขภาพและงานสังคมสงเคราะห์
N10,nursery รับเลี้ยงเด็ก,N,กิจกรรมด้านสุขภาพและงานสังคมสงเคราะห์
N11,หมอไสยศาสตร์ ,N,กิจกรรมด้านสุขภาพและงานสังคมสงเคราะห์
N12,นักเทคนิคการแพทย์,N,กิจกรรมด้านสุขภาพและงานสังคมสงเคราะห์
O1,นักประพันธ์  นักเขียน,O,ศิลปะ ความบันเทิง และนันทนาการ
O2,ช่างแกะสลัก ช่างปั้น ช่างหล่อจิตรกร,O,ศิลปะ ความบันเทิง และนันทนาการ
O3,รับจัดดอกไม้/ งานประดิษฐ์,O,ศิลปะ ความบันเทิง และนันทนาการ
O4,ศิลปิน/ นักวาดภาพ,O,ศิลปะ ความบันเทิง และนันทนาการ
O5,ออกแบบเสื้อผ้า/ ตัดเย็บ,O,ศิลปะ ความบันเทิง และนันทนาการ
O6,ผู้กำกับ,O,ศิลปะ ความบันเทิง และนันทนาการ
O7,โปรดิ๊วเซอร์,O,ศิลปะ ความบันเทิง และนันทนาการ
O8,ผู้ตัดต่อภาพ/ เสียง,O,ศิลปะ ความบันเทิง และนันทนาการ
O9,Creative/ Copy Writer/ Art director (รายการบันเทิง),O,ศิลปะ ความบันเทิง และนันทนาการ
O10,ผู้ทำกราฟฟิก แอนิเมชั่น,O,ศิลปะ ความบันเทิง และนันทนาการ
O11,ช่างภาพ,O,ศิลปะ ความบันเทิง และนันทนาการ
O12,นักแสดง ,O,ศิลปะ ความบันเทิง และนันทนาการ
O13,นางแบบ นายแบบ,O,ศิลปะ ความบันเทิง และนันทนาการ
O14,พิธีกร,O,ศิลปะ ความบันเทิง และนันทนาการ
O15,นักพากษ์,O,ศิลปะ ความบันเทิง และนันทนาการ
O16,Youtuber/ Blogger,O,ศิลปะ ความบันเทิง และนันทนาการ
O17,"Social influencer, Net Idol, review สินค้า บริการ",O,ศิลปะ ความบันเทิง และนันทนาการ
O18,นักแต่งเพลง ,O,ศิลปะ ความบันเทิง และนันทนาการ
O19,นักร้อง นักดนตรี,O,ศิลปะ ความบันเทิง และนันทนาการ
O20,นักออกแบบท่าเต้น/ Dancer,O,ศิลปะ ความบันเทิง และนันทนาการ
O21,นักแสดงโชว์/ นักกายกรรม เช่น มอร์เตอร์ไซค์ไต่ถัง,O,ศิลปะ ความบันเทิง และนันทนาการ
O22,ตัวตลก นักมายากล,O,ศิลปะ ความบันเทิง และนันทนาการ
O23,ผู้จัดการแข่งขันกีฬา,O,ศิลปะ ความบันเทิง และนันทนาการ
O24,กรรมการกีฬา,O,ศิลปะ ความบันเทิง และนันทนาการ
O25,นักกรีฑา นักกีฬา,O,ศิลปะ ความบันเทิง และนันทนาการ
O26,ผู้เล่น นักกีฬา e-Sport,O,ศิลปะ ความบันเทิง และนันทนาการ
O27,ดูแลฟิตเนส/ ศูนย์โยคะ,O,ศิลปะ ความบันเทิง และนันทนาการ
O28,Personal trainer,O,ศิลปะ ความบันเทิง และนันทนาการ
O29,ช่างสัก (tattooist),O,ศิลปะ ความบันเทิง และนันทนาการ
O30,ทีมงานในกองละคร/ เด็กกอง,O,ศิลปะ ความบันเทิง และนันทนาการ
O31,พนักงานร้านเกม ตู้เกมหยอดเหรียญ,O,ศิลปะ ความบันเทิง และนันทนาการ
O32,เจ้ามือหวยใต้ดิน/ เจ้ามือรับพนัน,O,ศิลปะ ความบันเทิง และนันทนาการ
O33,เช่าพระ/ เซียนพระ,O,ศิลปะ ความบันเทิง และนันทนาการ
O34,คุมเครื่องเสียงงานแสดงต่าง ๆ,O,ศิลปะ ความบันเทิง และนันทนาการ
O35,แคดดี้สนามกอล์ฟ,O,ศิลปะ ความบันเทิง และนันทนาการ
P1,ช่างซ่อมของใช้ส่วนบุคคลและในครัวเรือน เช่น อุปกรณ์อิเล็กทรอนิกส์ นาฬิกา เฟอร์นิเจอร์,P,กิจกรรมบริการด้านอื่นๆ
P2,ช่างซ่อมคอม ซ่อมมือถือ,P,กิจกรรมบริการด้านอื่นๆ
P3,พนักงานสปา,P,กิจกรรมบริการด้านอื่นๆ
P4,บริการลดน้ำหนัก,P,กิจกรรมบริการด้านอื่นๆ
P5,ช่างตัดผม ช่างเสริมสวย,P,กิจกรรมบริการด้านอื่นๆ
P6,ช่างเสริมสวยสัตว์/ รับดูแลสัตว์เลี้ยง,P,กิจกรรมบริการด้านอื่นๆ
P7,บริการซักอบรีด ฟอก ย้อมสี,P,กิจกรรมบริการด้านอื่นๆ
P8,สัปเหร่อและเจ้าหน้าที่ฉีดยาศพ,P,กิจกรรมบริการด้านอื่นๆ
P9,หมอดู,P,กิจกรรมบริการด้านอื่นๆ
P10,พนักงานแจกใบปลิวสินค้า แจกสินค้าตัวอย่าง ปิดโปสเตอร์,P,กิจกรรมบริการด้านอื่นๆ
P11,คนรับจ้างทำงานทั่วไป,P,กิจกรรมบริการด้านอื่นๆ
P12,รับจ้างหิ้วของ,P,กิจกรรมบริการด้านอื่นๆ
P14,เลี่ยมกรอบพระ ,P,กิจกรรมบริการด้านอื่นๆ
P15,ปั๊มกุญแจ,P,กิจกรรมบริการด้านอื่นๆ
P16,ทำฟันปลอม,P,กิจกรรมบริการด้านอื่นๆ
P17,ช่างเชื่อมเหล็ก ช่างกลึง,P,กิจกรรมบริการด้านอื่นๆ
P18,ติดตั้งจานดาวเทียม,P,กิจกรรมบริการด้านอื่นๆ
P19,เย็บเสื้อโหล,P,กิจกรรมบริการด้านอื่นๆ
Q1,คนรับใช้,Q,กิจกรรมการจ้างงานในครัวเรือนส่วนบุคคล กิจกรรมการผลิตสินค้าและบริการที่ทำขึ้นเองเพื่อใช้ในครัวเรือน ซึ่งไม่สามารถจำแนกกิจกรรมได้อย่างชัดเจน
Q2,คนสวนประจำบ้าน,Q,กิจกรรมการจ้างงานในครัวเรือนส่วนบุคคล กิจกรรมการผลิตสินค้าและบริการที่ทำขึ้นเองเพื่อใช้ในครัวเรือน ซึ่งไม่สามารถจำแนกกิจกรรมได้อย่างชัดเจน
Q3,คนขับรถประจำบ้าน,Q,กิจกรรมการจ้างงานในครัวเรือนส่วนบุคคล กิจกรรมการผลิตสินค้าและบริการที่ทำขึ้นเองเพื่อใช้ในครัวเรือน ซึ่งไม่สามารถจำแนกกิจกรรมได้อย่างชัดเจน
Q4,พี่เลี้ยงเด็ก/คนแก่/คนป่วย แม่ครัวในบ้าน,Q,กิจกรรมการจ้างงานในครัวเรือนส่วนบุคคล กิจกรรมการผลิตสินค้าและบริการที่ทำขึ้นเองเพื่อใช้ในครัวเรือน ซึ่งไม่สามารถจำแนกกิจกรรมได้อย่างชัดเจน
