﻿id,type
BD1,ผลิตภัณฑ์อาหาร
BD2,เครื่องดื่ม
BD3,ผลิตภัณฑ์ยาสูบ
BD4,สิ่งทอ
BD5,เสื้อผ้าเครื่องแต่งกาย รองเท้า แว่นตา
BD6,เครื่องหนังและผลิตภัณฑ์ที่เกี่ยวข้อง
BD7,ไม้และผลิตภัณฑ์จากไม้และไม้ก๊อก (ยกเว้นเฟอร์นิเจอร์) สิ่งของจากฟางและวัสดุถักสานอื่นๆ
BD8,กระดาษและผลิตภัณฑ์กระดาษ
BD9,การพิมพ์และซ้ำสื่อบันทึกข้อมูล
BD10,ถ่านโค้กและผลิตภัณฑ์ที่ได้จากการกลั่นปิโตรเลียม
BD11,เคมีภัณฑ์และผลิตภัณฑ์เคมี
BD12,เภสัชภัณฑ์ เคมีภัณฑ์ที่ใช้รักษาโรค และผลิตภัณฑ์จากพืชและสัตว์ที่ใช้รักษาโรค
BD13,ผลิตภัณฑ์ยางและพลาสติก
BD14,แก้ว เซรามิก คอนกรีต ปูนซีเมนต์ ขึ้นรูปหิน กระจก และผลิตภัณฑ์อื่นๆ ที่ทำจากแร่อโลหะ
BD15,โลหะ เหล็ก 
BD16,ผลิตภัณฑ์โลหะประดิษฐ์ (ยกเว้นเครื่องจักรและอุปกรณ์)
BD17,ผลิตภัณฑ์คอมพิวเตอร์ อิเล็กทรอนิกส์ โทรศัพท์มือถือ
BD18,อุปกรณ์ไฟฟ้า
BD19,เครื่องจักรและเครื่องมือ ซึ่งมิได้จัดประเภทไว้ในที่อื่น
BD20,ยานยนต์ รถพ่วง และรถกึ่งพ่วง
BD21,อุปกรณ์ขนส่งอื่นๆ เช่น เรือ หัวรถจักร จักรยานยนต์
BD22,เฟอร์นิเจอร์
BD23,ผลิตภัณฑ์อื่นๆ เช่น เพชรพลอย อัญมณี เครื่องดนตรี เครื่องกีฬา เกมและของเล่น อุปกรณ์การแพทย์ อาหารสัตว์
BD24,การซ่อมและการติดตั้งเครื่องจักรและอุปกรณ์
BD25,ของชำ หลากหลายประเภท กิ๊ฟช็อป ของตามตลาดนัด ของชิ้นละ20 บาท 
BD26,สลากกินแบ่งรัฐบาล หวยใต้ดิน
BD27,ดอกไม้/ ต้นไม้/ ไม้ดอก ไม้ประดับ/ กระถางต้นไม้/ ดิน/ ปุ๋ย 
BD28,สังฆภัณฑ์?
BD29,ผลิตภัณฑ์เครื่องใช้ส่วนบุคคล ครีมทาหน้า เครื่องสำอาง       ครีมแต่งผม เซรั่มปลูกผม แมส
BD30,ขายของเก่า
